date,open,high,low,adjClose,value,volume,count,yesterday,close
2021-05-26,3736.0,3736.0,3736.0,3736.0,5331078406050,177999279,2355996,125.0,3736.0
2021-05-29,3922.0,3922.0,3922.0,3922.0,49776971280,1583237,8310,3736.0,3922.0
2021-05-30,4118.0,4118.0,4118.0,4118.0,53074270240,1607824,8768,3922.0,4118.0
2021-05-31,4324.0,4324.0,4324.0,4324.0,62184407160,1794126,11307,4118.0,4324.0
2021-06-01,4540.0,4540.0,4540.0,4540.0,82204609710,2258989,17962,4324.0,4540.0
2021-06-02,4766.0,4766.0,4766.0,4766.0,671369927800,17575129,76432,4540.0,4766.0
2021-06-07,5004.0,5004.0,4767.0,4935.0,4567619136680,115450961,582759,4766.0,4819.0
2021-06-08,4834.0,4935.0,4690.0,4773.0,1839947142750,48084723,304051,4935.0,4703.0
2021-06-09,4653.0,4766.0,4574.0,4665.0,648764487990,17352274,109602,4773.0,4672.0
2021-06-12,4665.0,4889.0,4665.0,4781.0,836836285790,21838457,54253,4665.0,4753.0
2021-06-13,4814.0,4814.0,4641.0,4695.0,331620351630,8813266,41066,4781.0,4716.0
2021-06-14,4647.0,4803.0,4647.0,4732.0,481632281300,12697761,48700,4695.0,4763.0
2021-06-15,4741.0,4918.0,4711.0,4822.0,531814717460,13760539,40570,4732.0,4747.0
2021-06-16,4722.0,4791.0,4695.0,4729.0,323369896740,8530855,51223,4822.0,4722.0
2021-06-19,4695.0,4772.0,4555.0,4636.0,319027833200,8584717,22506,4729.0,4618.0
2021-06-20,4578.0,4766.0,4559.0,4653.0,384328985120,10304938,23463,4636.0,4628.0
2021-06-21,4618.0,4885.0,4618.0,4819.0,512212650750,13259200,25767,4653.0,4885.0
2021-06-22,4989.0,5060.0,4928.0,5039.0,908329476740,22490388,21901,4819.0,5060.0
2021-06-23,5177.0,5283.0,5038.0,5151.0,605752881370,14671480,25490,5039.0,5087.0
2021-06-26,5156.0,5156.0,4973.0,5040.0,571994707210,14159998,25227,5151.0,4983.0
2021-06-27,5092.0,5151.0,4940.0,5013.0,365487788670,9095598,13936,5040.0,4955.0
2021-06-28,4940.0,4990.0,4834.0,4879.0,330531500400,8451834,19654,5013.0,4879.0
2021-06-29,4882.0,4998.0,4877.0,4909.0,296401600640,7533080,16314,4879.0,4912.0
2021-06-30,4912.0,5115.0,4865.0,5008.0,582558183370,14513682,20967,4909.0,5089.0
2021-07-07,5186.0,5274.0,5097.0,5214.0,302183502620,7878214,7331,5008.0,5233.0
2021-07-10,5315.0,5315.0,5097.0,5176.0,211841800840,5562406,15208,5214.0,5165.0
2021-07-11,5125.0,5297.0,5125.0,5221.0,148042335130,3854028,13150,5176.0,5218.0
2021-07-12,5193.0,5280.0,5159.0,5206.0,204486323880,5338698,15741,5221.0,5173.0
2021-07-13,5172.0,5226.0,5097.0,5146.0,235470488260,6219092,15332,5206.0,5097.0
2021-07-14,5095.0,5267.0,5081.0,5179.0,233293477970,6123531,19088,5146.0,5152.0
2021-07-17,5220.0,5220.0,5069.0,5122.0,251783454940,6682978,13536,5179.0,5085.0
2021-07-18,5150.0,5233.0,5058.0,5163.0,186754520900,4917821,10072,5122.0,5141.0
2021-07-19,5101.0,5420.0,5101.0,5361.0,297065295960,7532839,12311,5163.0,5420.0
2021-07-26,5629.0,5629.0,5420.0,5625.0,831422125600,20092262,10331,5361.0,5629.0
2021-07-27,5682.0,5777.0,5398.0,5557.0,422796643580,10342580,12464,5625.0,5411.0
2021-07-28,5424.0,5747.0,5424.0,5596.0,363801103700,8837518,12134,5557.0,5566.0
2021-07-31,5532.0,5736.0,5507.0,5617.0,278465759860,6739627,9957,5596.0,5599.0
2021-08-01,5573.0,5600.0,5519.0,5549.0,204084180790,5000195,8845,5617.0,5546.0
2021-08-02,5519.0,5589.0,5478.0,5513.0,154290394330,3803925,7350,5549.0,5519.0
2021-08-03,5493.0,5682.0,5493.0,5592.0,143058331340,3477345,6600,5513.0,5595.0
2021-08-04,5599.0,5871.0,5599.0,5777.0,443446250010,10433385,10511,5592.0,5871.0
2021-08-07,6007.0,6007.0,5780.0,5884.0,322090774000,7440048,8922,5777.0,5913.0
2021-08-08,5913.0,6110.0,5845.0,5990.0,235574010570,5345935,7718,5884.0,5965.0
2021-08-09,5888.0,6038.0,5888.0,5985.0,200730820350,4558675,9008,5990.0,6001.0
2021-08-10,6049.0,6192.0,5982.0,6079.0,239815621310,5362434,8733,5985.0,6139.0
2021-08-11,6151.0,6314.0,6022.0,6133.0,301010512400,6671038,11042,6079.0,6062.0
2021-08-14,6117.0,6219.0,5927.0,6038.0,209337781130,4713150,9197,6133.0,6098.0
2021-08-15,5977.0,6109.0,5940.0,6042.0,140722381640,3166050,7205,6038.0,6042.0
2021-08-22,6171.0,6251.0,5988.0,6120.0,225008656910,4997675,9114,6042.0,6117.0
2021-08-23,6198.0,6425.0,5982.0,6328.0,410658188460,8821154,9681,6120.0,6425.0
2021-08-24,6510.0,6643.0,6488.0,6631.0,382646577640,7843878,8604,6328.0,6643.0
2021-08-25,6722.0,6796.0,6436.0,6624.0,231783932230,4756015,9907,6631.0,6715.0
2021-08-28,6798.0,6954.0,6661.0,6931.0,482723387540,9467007,7968,6624.0,6954.0
2021-08-29,6864.0,6917.0,6586.0,6680.0,532897976920,10845541,12079,6931.0,6586.0
2021-08-30,6348.0,6579.0,6347.0,6357.0,218142226940,4663786,3158,6680.0,6347.0
2021-08-31,6043.0,6398.0,6041.0,6143.0,423108022850,9362103,9401,6357.0,6147.0
2021-09-01,6050.0,6449.0,6050.0,6325.0,196198671820,4216533,7115,6143.0,6449.0
2021-09-04,6457.0,6640.0,6435.0,6534.0,334661194980,6962559,8027,6325.0,6515.0
2021-09-05,6620.0,6620.0,6321.0,6534.0,180785046140,3761145,6823,6534.0,6576.0
2021-09-06,6511.0,6661.0,6321.0,6459.0,229024661480,4819471,19913,6534.0,6321.0
2021-09-07,6321.0,6473.0,6185.0,6261.0,226341852400,4914402,22673,6459.0,6236.0
2021-09-08,6144.0,6368.0,6140.0,6197.0,180089598850,3950202,32782,6261.0,6201.0
2021-09-11,6280.0,6429.0,6102.0,6226.0,136873022450,2988227,6544,6197.0,6130.0
2021-09-12,6117.0,6144.0,5916.0,5990.0,193813718130,4398093,6300,6226.0,6008.0
2021-09-13,5981.0,6182.0,5845.0,6001.0,175244245680,3969562,8073,5990.0,6043.0
2021-09-14,6158.0,6300.0,6020.0,6219.0,162422215090,3550246,12624,6001.0,6238.0
2021-09-15,6226.0,6226.0,6022.0,6079.0,108790553400,2432542,17350,6219.0,6050.0
2021-09-18,6022.0,6137.0,5776.0,5864.0,149024522990,3454343,5198,6079.0,5845.0
2021-09-19,5777.0,6049.0,5641.0,5787.0,157869404700,3708870,5531,5864.0,5804.0
2021-09-20,5792.0,6018.0,5792.0,5941.0,101739244750,2327541,4905,5787.0,5948.0
2021-09-21,5981.0,5981.0,5713.0,5825.0,107798437190,2515955,4950,5941.0,5859.0
2021-09-22,5845.0,6115.0,5777.0,5994.0,168745966100,3826555,6494,5825.0,6115.0
2021-09-25,6246.0,6294.0,6117.0,6250.0,191772235810,4171043,6587,5994.0,6294.0
2021-09-26,6389.0,6389.0,6144.0,6242.0,119841688650,2609845,5616,6250.0,6246.0
2021-09-28,6232.0,6368.0,6049.0,6159.0,81143999530,1791005,4975,6242.0,6058.0
2021-09-29,6144.0,6257.0,6022.0,6136.0,95863424220,2123669,4618,6159.0,6182.0
2021-10-02,6136.0,6239.0,6052.0,6105.0,147264454620,3279142,5274,6136.0,6080.0
2021-10-03,6117.0,6395.0,6076.0,6257.0,159256413620,3459548,5295,6105.0,6389.0
2021-10-04,6376.0,6470.0,6273.0,6357.0,79623756130,1702462,3878,6257.0,6387.0
2021-10-06,6291.0,6429.0,6280.0,6315.0,55530835140,1195158,3963,6357.0,6314.0
2021-10-09,6254.0,6294.0,6000.0,6062.0,111550614870,2501006,3440,6315.0,6009.0
2021-10-10,6000.0,6080.0,5848.0,5927.0,61147566940,1402488,3323,6062.0,5959.0
2021-10-11,5943.0,6075.0,5875.0,5940.0,59372941040,1358666,3226,5927.0,5901.0
2021-10-12,5861.0,5901.0,5668.0,5738.0,108106195450,2561352,3286,5940.0,5710.0
2021-10-13,5685.0,5804.0,5481.0,5614.0,84006654350,2034125,2608,5738.0,5682.0
2021-10-16,5695.0,5894.0,5695.0,5874.0,82478664380,1908908,3416,5614.0,5894.0
2021-10-17,5887.0,6019.0,5740.0,5865.0,66300310800,1536678,2831,5874.0,5825.0
2021-10-18,5743.0,5956.0,5743.0,5899.0,49467120300,1139324,2562,5865.0,5954.0
2021-10-19,5982.0,6194.0,5956.0,6181.0,153350188500,3372497,3424,5899.0,6194.0
2021-10-20,6242.0,6484.0,6194.0,6372.0,212831110400,4539947,4337,6181.0,6265.0
2021-10-23,6253.0,6253.0,6092.0,6159.0,87712439130,1935873,2793,6372.0,6226.0
2021-10-25,6056.0,6226.0,5874.0,6048.0,92187436020,2071927,2791,6159.0,6035.0
2021-10-26,5921.0,6239.0,5921.0,6098.0,81306821710,1812255,2785,6048.0,6035.0
2021-10-27,5929.0,6185.0,5929.0,6133.0,75991553900,1684377,2676,6098.0,6049.0
2021-10-30,6005.0,6149.0,5827.0,5917.0,106792746060,2453080,3689,6133.0,5901.0
2021-10-31,5800.0,5901.0,5622.0,5641.0,194925296030,4697422,3255,5917.0,5625.0
2021-11-01,5547.0,5910.0,5547.0,5736.0,67190651720,1592175,2741,5641.0,5744.0
2021-11-02,5746.0,6023.0,5746.0,5996.0,61001261700,1382803,2148,5736.0,6023.0
2021-11-03,6182.0,6295.0,6050.0,6249.0,166205180340,3615175,3329,5996.0,6295.0
2021-11-06,6372.0,6560.0,6362.0,6542.0,209320566280,4348775,3525,6249.0,6473.0
2021-11-07,6389.0,6544.0,6216.0,6370.0,144866062460,3091650,3135,6542.0,6257.0
2021-11-08,6321.0,6578.0,6216.0,6444.0,89529846800,1888477,3186,6370.0,6408.0
2021-11-09,6322.0,6606.0,6289.0,6463.0,66153055130,1391145,2749,6444.0,6457.0
2021-11-10,6463.0,6786.0,6322.0,6678.0,197576179890,4021235,3685,6463.0,6786.0
2021-11-13,6757.0,7011.0,6533.0,6824.0,545092274970,10859290,7202,6678.0,6764.0
2021-11-14,6688.0,6939.0,6482.0,6534.0,815203722350,16959713,5954,6824.0,6482.0
2021-11-15,6340.0,6476.0,6211.0,6308.0,131647112370,2836501,3347,6534.0,6314.0
2021-11-16,6367.0,6525.0,6265.0,6434.0,56729062600,1198669,2490,6308.0,6523.0
2021-11-17,6538.0,6754.0,6538.0,6722.0,590716308470,11945754,9001,6434.0,6727.0
2021-11-20,6795.0,6860.0,6395.0,6533.0,139749038450,2908011,3137,6722.0,6523.0
2021-11-21,6395.0,6598.0,6395.0,6495.0,108380403360,2268201,3904,6533.0,6538.0
2021-11-22,6538.0,6731.0,6538.0,6636.0,99977118070,2048028,2598,6495.0,6603.0
2021-11-23,6514.0,6647.0,6457.0,6530.0,107009939050,2227745,3011,6636.0,6605.0
2021-11-24,6511.0,6650.0,6404.0,6507.0,85562903720,1787561,2213,6530.0,6537.0
2021-11-27,6375.0,6523.0,6226.0,6363.0,52122698720,1115505,1804,6507.0,6253.0
2021-11-28,6245.0,6525.0,6228.0,6431.0,53908756680,1138708,2167,6363.0,6499.0
2021-11-29,6296.0,6545.0,6296.0,6480.0,106977338480,2243924,1928,6431.0,6525.0
2021-11-30,6341.0,6541.0,6341.0,6462.0,57235045490,1203954,1688,6480.0,6371.0
2021-12-01,6348.0,6462.0,6266.0,6348.0,45670185000,981781,1492,6462.0,6321.0
2021-12-04,6273.0,6273.0,6046.0,6207.0,34343170220,762003,1362,6348.0,6065.0
2021-12-05,6255.0,6469.0,6212.0,6236.0,20523092150,443811,1433,6207.0,6242.0
2021-12-06,6208.0,6334.0,6125.0,6253.0,43775559230,951095,1724,6236.0,6295.0
2021-12-07,6321.0,6565.0,6205.0,6473.0,195334456220,4102187,3273,6253.0,6421.0
2021-12-08,6457.0,6674.0,6379.0,6470.0,57583037490,1209699,2218,6473.0,6436.0
2021-12-11,6393.0,6525.0,6268.0,6415.0,35894176560,764493,1735,6470.0,6472.0
2021-12-12,6429.0,6734.0,6416.0,6640.0,150667566310,3084270,3103,6415.0,6583.0
2021-12-13,6659.0,6783.0,6308.0,6499.0,179965164090,3763829,2280,6640.0,6389.0
2021-12-14,6518.0,6692.0,6321.0,6535.0,66011125930,1372846,1717,6499.0,6633.0
2021-12-15,6659.0,6729.0,6525.0,6644.0,86911522400,1778088,1544,6535.0,6583.0
2021-12-18,6661.0,6764.0,6526.0,6651.0,53922144180,1101884,1949,6644.0,6609.0
2021-12-19,6661.0,6661.0,6432.0,6572.0,37490637710,780456,1521,6651.0,6440.0
2021-12-20,6416.0,6599.0,6349.0,6439.0,202989375770,4285049,1648,6572.0,6382.0
2021-12-21,6521.0,6760.0,6374.0,6734.0,321188369420,6483669,2484,6439.0,6760.0
2021-12-22,6987.0,7053.0,6735.0,6953.0,120202770140,2350031,2529,6734.0,6913.0
2021-12-25,6931.0,6931.0,6647.0,6761.0,146675995780,2948803,3194,6953.0,6796.0
2021-12-26,6787.0,6787.0,6597.0,6703.0,41674336290,848331,1253,6761.0,6677.0
2021-12-29,7037.0,7037.0,6370.0,6646.0,77123472190,1577640,1725,6703.0,6530.0
2022-01-01,6613.0,6631.0,6404.0,6534.0,55936716180,1164344,1656,6646.0,6472.0
2022-01-02,6438.0,6647.0,6438.0,6533.0,46207604620,961578,1525,6534.0,6510.0
2022-01-03,6476.0,6559.0,6450.0,6519.0,18892873960,395591,1317,6533.0,6474.0
2022-01-04,6443.0,6470.0,6336.0,6454.0,31193176430,662465,1362,6519.0,6393.0
2022-01-05,6345.0,6476.0,6345.0,6402.0,98988024050,2101437,1390,6454.0,6404.0
2022-01-08,6355.0,6511.0,6334.0,6416.0,42283123020,895156,1469,6402.0,6356.0
2022-01-09,6337.0,6389.0,6095.0,6136.0,190378468050,4217136,2206,6416.0,6208.0
2022-01-10,6118.0,6442.0,6056.0,6337.0,104827233390,2248435,1857,6136.0,6389.0
2022-01-11,6284.0,6457.0,6188.0,6318.0,29564120540,637776,1251,6337.0,6338.0
2022-01-12,6389.0,6633.0,6330.0,6578.0,200398940100,4141278,2630,6318.0,6493.0
2022-01-15,6525.0,6525.0,6250.0,6328.0,89827588560,1929662,1704,6578.0,6280.0
2022-01-16,6133.0,6457.0,6133.0,6337.0,43951437670,942301,1497,6328.0,6390.0
2022-01-17,6457.0,6537.0,6257.0,6342.0,32817865110,702888,1153,6337.0,6322.0
2022-01-18,6253.0,6321.0,6035.0,6125.0,54002019730,1198391,1458,6342.0,6121.0
2022-01-19,6027.0,6280.0,6027.0,6105.0,48282753730,1075625,1426,6125.0,6117.0
2022-01-22,6109.0,6109.0,5800.0,5829.0,302738533350,7059605,2707,6105.0,5800.0
2022-01-23,5655.0,5777.0,5538.0,5566.0,232982650950,5689225,2499,5829.0,5538.0
2022-01-24,5539.0,5773.0,5449.0,5627.0,62289299280,1504462,1844,5566.0,5614.0
2022-01-25,5614.0,5763.0,5346.0,5394.0,98987952050,2494639,902,5627.0,5346.0
2022-01-26,5165.0,5539.0,5126.0,5274.0,119905233010,3090527,2233,5394.0,5369.0
2022-01-29,0.0,5538.0,5247.0,5475.0,73952631860,1835874,1833,5274.0,5538.0
2022-01-30,5202.0,5335.0,5202.0,5205.0,205767363280,5374148,1368,5475.0,5202.0
2022-01-31,5043.0,5183.0,5004.0,5086.0,167443865160,4475190,3378,5205.0,5153.0
2022-02-01,5160.0,5231.0,5031.0,5140.0,66294205300,1753366,2151,5086.0,5069.0
2022-02-02,5122.0,5122.0,4893.0,5032.0,71777513040,1938952,2014,5140.0,4989.0
2022-02-05,5043.0,5063.0,4843.0,4955.0,82717588180,2269168,2204,5032.0,4853.0
2022-02-06,4961.0,4961.0,4707.0,4778.0,83558283960,2377477,1197,4955.0,4707.0
2022-02-07,4579.0,4785.0,4554.0,4649.0,46843730810,1369817,1950,4778.0,4635.0
2022-02-08,4649.0,4792.0,4623.0,4694.0,46210689890,1338278,1855,4649.0,4632.0
2022-02-09,4570.0,4690.0,4570.0,4649.0,27886840900,819048,3386,4694.0,4632.0
2022-02-12,4596.0,4622.0,4416.0,4461.0,94033636190,2864890,2363,4649.0,4416.0
2022-02-13,4521.0,4545.0,4268.0,4361.0,61069851180,1903810,1923,4461.0,4316.0
2022-02-14,4464.0,4464.0,4310.0,4371.0,43618008870,1356478,1300,4361.0,4350.0
2022-02-16,4445.0,4471.0,4352.0,4399.0,27838362860,858240,1345,4371.0,4384.0
2022-02-19,4399.0,4499.0,4350.0,4454.0,35970476080,1096533,1696,4399.0,4414.0
2022-02-20,4454.0,4512.0,4454.0,4482.0,42511156900,1289461,1454,4454.0,4512.0
2022-02-21,4529.0,4683.0,4486.0,4548.0,51774961990,1547483,1658,4482.0,4649.0
2022-02-22,4665.0,4775.0,4649.0,4756.0,58962620690,1685350,1486,4548.0,4775.0
2022-02-23,4758.0,4839.0,4581.0,4737.0,73925215600,2121397,2024,4756.0,4737.0
2022-02-26,4785.0,4820.0,4622.0,4724.0,41535054920,1195132,1420,4737.0,4626.0
2022-02-27,4690.0,4690.0,4566.0,4658.0,26266440780,772299,1160,4724.0,4622.0
2022-02-28,4608.0,4665.0,4554.0,4593.0,36557196490,1083575,1348,4658.0,4556.0
2022-03-02,4526.0,4554.0,4365.0,4408.0,59235850560,1826368,1979,4593.0,4416.0
2022-03-05,4463.0,4463.0,4328.0,4373.0,74744980990,2323475,2440,4408.0,4403.0
2022-03-06,4579.0,4590.0,4473.0,4586.0,167938307150,4977899,2654,4373.0,4590.0
2022-03-07,4815.0,4815.0,4717.0,4811.0,189515853180,5355263,1943,4586.0,4730.0
2022-03-08,4690.0,5002.0,4690.0,4868.0,225473150700,6295893,3649,4811.0,4887.0
2022-03-09,4999.0,4999.0,4839.0,4896.0,93001891930,2582045,2130,4868.0,4850.0
2022-03-12,4887.0,4887.0,4652.0,4702.0,95043878570,2747365,1723,4896.0,4700.0
2022-03-13,4652.0,4755.0,4581.0,4672.0,37913468640,1103842,1404,4702.0,4643.0
2022-03-14,4594.0,4721.0,4569.0,4641.0,22831112900,672352,1155,4672.0,4582.0
2022-03-15,4552.0,4717.0,4526.0,4646.0,35146380830,1028184,1205,4641.0,4622.0
2022-03-16,4626.0,4747.0,4594.0,4719.0,47947223790,1381134,1214,4646.0,4743.0
2022-03-19,4785.0,4826.0,4690.0,4736.0,47105937550,1351872,1192,4719.0,4724.0
2022-03-26,4662.0,4839.0,4662.0,4756.0,51908747470,1483462,1085,4736.0,4801.0
2022-03-27,4771.0,4819.0,4691.0,4744.0,53854945790,1542996,1568,4756.0,4728.0
2022-03-28,4705.0,4941.0,4694.0,4826.0,84514536380,2380861,1816,4744.0,4893.0
2022-03-29,4963.0,4989.0,4721.0,4828.0,55608379220,1565558,1633,4826.0,4804.0
2022-03-30,4760.0,4853.0,4760.0,4811.0,39587596090,1118788,1575,4828.0,4838.0
2022-04-03,4826.0,5024.0,4789.0,4891.0,84221024570,2340783,1815,4811.0,4893.0
2022-04-04,5001.0,5001.0,4726.0,4820.0,83974120890,2367980,2089,4891.0,4798.0
2022-04-05,4812.0,4893.0,4760.0,4834.0,30652154750,861037,506,4820.0,4850.0
2022-04-09,5074.0,5074.0,4978.0,5074.0,101202561160,2711118,872,4834.0,5074.0
2022-04-10,5165.0,5288.0,5081.0,5172.0,165840973280,4359003,3157,5074.0,5082.0
2022-04-11,5152.0,5172.0,5020.0,5070.0,88766259040,2379921,2434,5172.0,5042.0
2022-04-12,5042.0,5042.0,4817.0,4868.0,102965547520,2875719,1953,5070.0,4819.0
2022-04-13,4758.0,5057.0,4758.0,4884.0,52101156790,1449914,1580,4868.0,4887.0
2022-04-16,4895.0,5097.0,4884.0,4999.0,88938036510,2417980,2144,4884.0,5081.0
2022-04-17,5081.0,5248.0,4999.0,5195.0,213053340890,5574654,2898,4999.0,5248.0
2022-04-18,5207.0,5342.0,5020.0,5159.0,136931227920,3607902,2759,5195.0,5043.0
2022-04-19,5004.0,5260.0,5004.0,5138.0,35723252160,946049,1572,5159.0,5114.0
2022-04-20,5116.0,5116.0,4976.0,5046.0,68741333510,1851786,1846,5138.0,5074.0
2022-04-24,5111.0,5176.0,4910.0,5088.0,78935560270,2108663,2103,5046.0,5111.0
2022-04-25,5099.0,5250.0,5044.0,5163.0,84466912780,2224174,1832,5088.0,5191.0
2022-04-26,5218.0,5410.0,5167.0,5304.0,141607803140,3629393,2786,5163.0,5301.0
2022-04-27,5301.0,5396.0,5220.0,5303.0,89985044680,2306908,3253,5304.0,5305.0
2022-04-30,5349.0,5553.0,5274.0,5487.0,183376765540,4542342,3156,5303.0,5492.0
2022-05-01,5349.0,5564.0,5334.0,5420.0,137452356650,3447522,2338,5487.0,5390.0
2022-05-02,5309.0,5445.0,5247.0,5327.0,62404694200,1592246,1894,5420.0,5313.0
2022-05-07,5573.0,5592.0,5440.0,5572.0,328663558340,8018851,3754,5327.0,5592.0
2022-05-08,5621.0,5663.0,5512.0,5610.0,110174806560,2669420,2708,5572.0,5608.0
2022-05-09,5690.0,5758.0,5478.0,5557.0,163316602200,3995122,2312,5610.0,5513.0
2022-05-10,5725.0,5834.0,5611.0,5808.0,195935769230,4585063,1507,5557.0,5834.0
2022-05-11,6098.0,6098.0,6098.0,6098.0,59949064740,1336359,876,5808.0,6098.0
2022-05-15,6279.0,6591.0,6279.0,6487.0,1033066652490,21650275,6084,6098.0,6434.0
2022-05-16,6457.0,6457.0,6163.0,6200.0,573231042150,12567219,7946,6487.0,6168.0
2022-05-17,6007.0,6171.0,5982.0,6080.0,275644566630,6162066,4218,6200.0,6149.0
2022-05-18,6086.0,6368.0,6086.0,6253.0,155462776380,3379382,3956,6080.0,6321.0
2022-05-21,6253.0,6565.0,6118.0,6542.0,665832976620,13834757,4752,6253.0,6518.0
2022-05-22,6549.0,6565.0,6251.0,6428.0,212889138550,4502249,3173,6542.0,6431.0
2022-05-23,6428.0,6429.0,6107.0,6152.0,154237322200,3407462,1693,6428.0,6107.0
2022-05-24,6048.0,6136.0,5884.0,6003.0,238575104050,5402792,2717,6152.0,6031.0
2022-05-25,6088.0,6288.0,6049.0,6194.0,179820940750,3945708,2104,6003.0,6143.0
2022-05-28,6198.0,6236.0,5886.0,6008.0,154155446600,3487290,2370,6194.0,5913.0
2022-05-29,6088.0,6143.0,5845.0,6000.0,80454535010,1822904,1888,6008.0,6096.0
2022-05-30,6103.0,6185.0,5865.0,5951.0,128167126080,2927465,1659,6000.0,5932.0
2022-05-31,5913.0,6076.0,5913.0,5992.0,108528312590,2462051,1554,5951.0,5996.0
2022-06-01,5845.0,6247.0,5751.0,5927.0,144396609300,3311740,2044,5992.0,5886.0
2022-06-06,5819.0,5913.0,5630.0,5648.0,179623659910,4323449,2006,5927.0,5630.0
2022-06-07,5464.0,5630.0,5437.0,5560.0,83758234920,2047789,1518,5648.0,5592.0
2022-06-08,5641.0,5776.0,5545.0,5663.0,87402232830,2097887,1693,5560.0,5748.0
2022-06-11,5815.0,5946.0,5641.0,5844.0,100954597470,2348361,1945,5663.0,5859.0
2022-06-12,5947.0,5947.0,5663.0,5838.0,64365359890,1498507,1559,5844.0,5818.0
2022-06-13,5818.0,5994.0,5725.0,5879.0,98208069940,2270847,1908,5838.0,5835.0
2022-06-14,5777.0,5845.0,5682.0,5734.0,54618047510,1294825,1400,5879.0,5685.0
2022-06-15,5686.0,5754.0,5573.0,5683.0,30102037740,724242,1082,5734.0,5640.0
2022-06-18,5602.0,5723.0,5602.0,5676.0,39610502220,948881,1276,5683.0,5675.0
2022-06-19,5600.0,5709.0,5600.0,5660.0,30823771020,741443,1130,5676.0,5641.0
2022-06-20,5604.0,5723.0,5603.0,5652.0,26485129800,637677,1013,5660.0,5617.0
2022-06-21,5702.0,5702.0,5508.0,5607.0,37119156160,902327,947,5652.0,5527.0
2022-06-22,5573.0,5640.0,5511.0,5591.0,43016711450,1046338,1056,5607.0,5629.0
2022-06-25,5592.0,5869.0,5592.0,5826.0,131438733940,3066542,1829,5591.0,5827.0
2022-06-26,5867.0,5884.0,5723.0,5780.0,54055808510,1271277,792,5826.0,5818.0
2022-06-27,5818.0,5980.0,5811.0,5884.0,56430667670,1303492,1473,5780.0,5872.0
2022-06-28,5777.0,5974.0,5777.0,5927.0,52100168670,1195032,1400,5884.0,5924.0
2022-06-29,6064.0,6117.0,5985.0,6034.0,68232143320,1537216,1335,5927.0,6012.0
2022-07-02,5994.0,6246.0,5928.0,6077.0,46858641610,1046904,1352,6034.0,6135.0
2022-07-03,6118.0,6280.0,6103.0,6178.0,85290926350,1876520,1599,6077.0,6129.0
2022-07-04,6171.0,6171.0,5982.0,6069.0,55056049670,1232987,1442,6178.0,6009.0
2022-07-05,6069.0,6155.0,5997.0,6102.0,98534860880,2194882,1506,6069.0,6117.0
2022-07-12,6048.0,6048.0,5959.0,6028.0,40754111670,930595,288,6102.0,6000.0
2022-07-13,5898.0,6035.0,5898.0,5948.0,51426572690,1185953,1498,6028.0,6007.0
2022-07-16,5911.0,5911.0,5767.0,5874.0,37342198990,875982,1414,5948.0,5817.0
2022-07-17,5774.0,5775.0,5581.0,5638.0,50868301350,1237255,1432,5874.0,5583.0
2022-07-19,5583.0,5774.0,5518.0,5651.0,15907780740,384348,748,5638.0,5642.0
2022-07-20,5616.0,5915.0,5603.0,5755.0,28959066810,680732,939,5651.0,5844.0
2022-07-23,5841.0,5841.0,5562.0,5608.0,58425538340,1428753,1307,5755.0,5623.0
2022-07-24,5616.0,5616.0,5328.0,5357.0,96876030840,2480428,1599,5608.0,5349.0
2022-07-25,5514.0,5514.0,5139.0,5254.0,51474104980,1343524,1055,5357.0,5232.0
2022-07-26,5239.0,5328.0,5220.0,5258.0,23293515730,607122,832,5254.0,5232.0
2022-07-27,5184.0,5486.0,5184.0,5379.0,37105645780,940352,930,5258.0,5411.0
2022-07-30,5404.0,5404.0,5143.0,5273.0,37304339440,974723,904,5379.0,5169.0
2022-07-31,5169.0,5169.0,5010.0,5014.0,72028883040,1969926,942,5273.0,5010.0
2022-08-01,4994.0,5020.0,4787.0,4844.0,68188036420,1930640,1208,5014.0,4877.0
2022-08-02,4780.0,4861.0,4780.0,4843.0,874210380,24978,49,4844.0,4844.0
2022-08-06,4800.0,5084.0,4800.0,4928.0,20857045160,569654,655,4843.0,5021.0
2022-08-09,5020.0,5020.0,4841.0,4922.0,24250470040,676340,832,4928.0,4936.0
2022-08-10,5006.0,5006.0,4910.0,4931.0,19818465880,550254,624,4922.0,4946.0
2022-08-13,4898.0,5151.0,4898.0,5032.0,31693146440,856775,866,4931.0,5139.0
2022-08-14,5171.0,5176.0,5047.0,5051.0,16326041010,440539,645,5032.0,5095.0
2022-08-15,5075.0,5212.0,4942.0,5069.0,22110001860,596004,665,5051.0,5212.0
2022-08-16,5086.0,5269.0,5086.0,5134.0,21289599260,560604,702,5069.0,5219.0
2022-08-17,5212.0,5271.0,5201.0,5153.0,9155516420,240188,523,5134.0,5221.0
2022-08-20,5220.0,5260.0,5198.0,5198.0,26704642470,700353,584,5153.0,5239.0
2022-08-21,5213.0,5294.0,5213.0,5221.0,18178738580,474261,673,5198.0,5282.0
2022-08-22,5212.0,5290.0,5212.0,5230.0,12031429400,314280,545,5221.0,5280.0
2022-08-23,5199.0,5490.0,5199.0,5474.0,87887482400,2202370,1044,5230.0,5490.0
2022-08-24,5619.0,5677.0,5529.0,5546.0,22684667020,552515,798,5474.0,5631.0
2022-08-27,5623.0,5818.0,5623.0,5648.0,37383987500,902412,790,5546.0,5637.0
2022-08-28,5623.0,5651.0,5486.0,5593.0,44153101790,1083888,805,5648.0,5651.0
2022-08-29,5500.0,5673.0,5500.0,5594.0,25919550770,635325,642,5593.0,5600.0
2022-08-30,5486.0,5552.0,5386.0,5486.0,33303569290,839630,883,5594.0,5433.0
2022-08-31,5493.0,5562.0,5417.0,5474.0,37741332790,946123,732,5486.0,5459.0
2022-09-03,5380.0,5416.0,5301.0,5446.0,8885284590,228576,553,5474.0,5334.0
2022-09-04,5217.0,5452.0,5217.0,5402.0,23986964710,613650,846,5446.0,5348.0
2022-09-05,5402.0,5417.0,5323.0,5387.0,35191546720,896784,933,5402.0,5335.0
2022-09-06,5326.0,5464.0,5280.0,5360.0,15564690840,402233,510,5387.0,5305.0
2022-09-07,5215.0,5359.0,5215.0,5334.0,16095605340,417834,702,5360.0,5219.0
2022-09-10,5210.0,5321.0,5198.0,5297.0,21810332920,569167,643,5334.0,5280.0
2022-09-11,5042.0,5334.0,5042.0,5243.0,32708304750,859160,635,5297.0,5254.0
2022-09-12,5239.0,5376.0,5116.0,5228.0,70599916460,1852168,803,5243.0,5349.0
2022-09-13,5349.0,5471.0,5257.0,5400.0,81211631100,2062905,810,5228.0,5459.0
2022-09-14,5419.0,5555.0,5350.0,5463.0,78039370480,1959187,1017,5400.0,5527.0
2022-10-30,5194.0,5194.0,5194.0,5194.0,59340951880,6266204,158,5463.0,5194.0
2022-10-31,4936.0,4936.0,4936.0,4936.0,101136105000,11237345,339,5194.0,4936.0
2022-11-01,4695.0,4991.0,4695.0,4854.0,300017453120,33914808,4734,4936.0,4903.0
2022-11-02,5008.0,5008.0,4777.0,4865.0,105011661960,11844931,3019,4854.0,4859.0
2022-11-05,4887.0,4975.0,4799.0,4898.0,137775520670,15427715,3204,4865.0,4832.0
2022-11-06,4881.0,4898.0,4717.0,4777.0,117786465840,13523493,2799,4898.0,4750.0
2022-11-07,4783.0,4975.0,4728.0,4898.0,123669311900,13849949,2670,4777.0,4947.0
2022-11-08,4997.0,5035.0,4777.0,4898.0,100025038040,11204355,2126,4898.0,4854.0
2022-11-09,4914.0,5024.0,4788.0,4947.0,92641665010,10273708,1851,4898.0,4914.0
2022-11-12,4892.0,5073.0,4892.0,4969.0,64619574220,7133953,1893,4947.0,4931.0
2022-11-13,4887.0,4964.0,4772.0,4843.0,81801014210,9266966,2827,4969.0,4783.0
2022-11-14,4821.0,4887.0,4722.0,4777.0,39418265100,4529795,1287,4843.0,4755.0
2022-11-15,4821.0,4854.0,4722.0,4783.0,51374486620,5894092,1226,4777.0,4755.0
2022-11-16,4706.0,4816.0,4706.0,4777.0,39493801240,4535655,1151,4783.0,4766.0
2022-11-19,4750.0,4848.0,4541.0,4613.0,50646057180,6021572,1702,4777.0,4607.0
2022-11-20,4607.0,4678.0,4481.0,4552.0,113795618320,13707341,2305,4613.0,4503.0
2022-11-21,4602.0,4728.0,4486.0,4651.0,187104327530,22061621,3209,4552.0,4640.0
2022-11-22,4657.0,4744.0,4640.0,4673.0,77922147870,9141787,1897,4651.0,4662.0
2022-11-23,4667.0,4717.0,4635.0,4667.0,41263314790,4849780,1345,4673.0,4662.0
2022-11-26,4662.0,4689.0,4580.0,4635.0,28280832930,3356731,1108,4667.0,4580.0
2022-11-27,4574.0,4772.0,4536.0,4700.0,101214125810,11809913,2388,4635.0,4722.0
2022-11-28,4722.0,4898.0,4722.0,4827.0,113983695680,12949113,2583,4700.0,4794.0
2022-11-29,4827.0,4870.0,4755.0,4805.0,83489774400,9534208,1800,4827.0,4821.0
2022-11-30,4816.0,4843.0,4728.0,4783.0,33137928310,3807483,1135,4805.0,4766.0
2022-12-03,4772.0,4783.0,4662.0,4706.0,47723405870,5563730,1595,4783.0,4706.0
2022-12-04,4678.0,4870.0,4651.0,4783.0,88005923270,10097050,1997,4706.0,4843.0
2022-12-05,4859.0,4936.0,4805.0,4870.0,65631022660,7394252,1901,4783.0,4838.0
2022-12-06,4870.0,4909.0,4805.0,4854.0,48299635820,5458149,1398,4870.0,4848.0
2022-12-07,4876.0,4903.0,4717.0,4794.0,46928925350,5372216,1477,4854.0,4717.0
2022-12-10,4728.0,4772.0,4585.0,4657.0,36837403210,4350619,1459,4794.0,4640.0
2022-12-11,4613.0,4755.0,4613.0,4689.0,35467527750,4141648,1138,4657.0,4717.0
2022-12-12,4662.0,4920.0,4662.0,4887.0,199008185250,22330979,2262,4689.0,4920.0
2022-12-13,4920.0,5128.0,4909.0,5029.0,145953146710,15919080,2403,4887.0,5112.0
2022-12-14,5150.0,5150.0,4980.0,5035.0,56880985050,6194961,1420,5029.0,4997.0
2022-12-17,4991.0,5018.0,4909.0,4942.0,58955752230,6545028,1658,5035.0,4936.0
2022-12-18,4936.0,5073.0,4898.0,4980.0,67264919900,7411754,1603,4942.0,4964.0
2022-12-19,4920.0,4969.0,4859.0,4898.0,63186817300,7076486,1594,4980.0,4892.0
2022-12-20,4936.0,4942.0,4827.0,4870.0,29664542270,3346974,993,4898.0,4876.0
2022-12-21,4936.0,4969.0,4876.0,4925.0,41152718350,4581972,1101,4870.0,4936.0
2022-12-24,4991.0,5095.0,4942.0,5018.0,72408528320,7910003,1842,4925.0,5068.0
2022-12-25,5068.0,5178.0,5024.0,5117.0,62769146880,6729909,1897,5018.0,5073.0
2022-12-26,5112.0,5254.0,5046.0,5161.0,93425074360,9926347,1886,5117.0,5183.0
2022-12-28,5128.0,5326.0,5128.0,5243.0,165076038330,17266669,2540,5161.0,5276.0
2022-12-31,5216.0,5216.0,4991.0,5090.0,125565588270,13525161,1988,5243.0,5046.0
2023-01-01,5002.0,5238.0,5002.0,5106.0,116410205960,12504324,1933,5090.0,5156.0
2023-01-02,5101.0,5249.0,5101.0,5172.0,84388245920,8952313,1860,5106.0,5183.0
2023-01-03,5183.0,5293.0,5073.0,5199.0,122125244700,12884228,1894,5172.0,5084.0
2023-01-04,5068.0,5156.0,5018.0,5073.0,68890690650,7448662,1665,5199.0,5046.0
2023-01-07,5117.0,5276.0,5117.0,5199.0,80299171380,8473271,1804,5073.0,5183.0
2023-01-08,5183.0,5413.0,5183.0,5293.0,219591522690,22744666,2735,5199.0,5342.0
2023-01-09,5298.0,5430.0,5271.0,5348.0,103143203660,10583620,1962,5293.0,5375.0
2023-01-10,5331.0,5594.0,5331.0,5463.0,312962820000,31434146,3424,5348.0,5561.0
2023-01-11,5594.0,5644.0,5452.0,5529.0,136570662420,13548340,2678,5463.0,5490.0
2023-01-14,5435.0,5583.0,5342.0,5468.0,102572692380,10287879,1799,5529.0,5523.0
2023-01-16,5490.0,5677.0,5485.0,5633.0,133212331210,12973904,2513,5468.0,5655.0
2023-01-17,5721.0,5753.0,5556.0,5660.0,157389227880,15255346,2817,5633.0,5633.0
2023-01-18,5649.0,5748.0,5540.0,5666.0,116703731780,11300810,2301,5660.0,5644.0
2023-01-21,5704.0,5704.0,5386.0,5507.0,112638463930,11219187,2089,5666.0,5479.0
2023-01-22,5419.0,5518.0,5342.0,5408.0,90591455490,9186654,1871,5507.0,5408.0
2023-01-23,5435.0,5512.0,5353.0,5457.0,134269876450,13500753,1867,5408.0,5430.0
2023-01-24,5370.0,5479.0,5304.0,5380.0,63796053750,6504055,1448,5457.0,5364.0
2023-01-25,5331.0,5380.0,5156.0,5254.0,79454576290,8295289,1570,5380.0,5293.0
2023-01-28,5315.0,5402.0,5249.0,5304.0,95601602030,9884985,1692,5254.0,5315.0
2023-01-29,5265.0,5353.0,5040.0,5051.0,138398494520,15021254,1804,5304.0,5073.0
2023-01-30,4997.0,5134.0,4920.0,5029.0,51387735820,5602471,1269,5051.0,5090.0
2023-01-31,5150.0,5167.0,5040.0,5112.0,46162276330,4951957,1142,5029.0,5090.0
2023-02-01,4991.0,5134.0,4991.0,5051.0,52679422600,5717547,1048,5112.0,5062.0
2023-02-05,5084.0,5095.0,4876.0,4969.0,61643665230,6805923,1225,5051.0,4903.0
2023-02-06,4848.0,4936.0,4772.0,4848.0,58648853310,6633522,1598,4969.0,4865.0
2023-02-07,4799.0,4991.0,4783.0,4898.0,37508844570,4194390,822,4848.0,4892.0
2023-02-08,4936.0,4997.0,4854.0,4909.0,53807281890,6012686,1072,4898.0,4903.0
2023-02-12,4859.0,4909.0,4755.0,4865.0,24480782220,2778857,931,4909.0,4887.0
2023-02-13,4827.0,5101.0,4827.0,4964.0,37509593380,4130088,1136,4865.0,4958.0
2023-02-14,4964.0,5079.0,4909.0,4953.0,30264188780,3355230,836,4964.0,4947.0
2023-02-15,4903.0,4964.0,4832.0,4931.0,28379647610,3163372,865,4953.0,4887.0
2023-02-19,4887.0,4958.0,4854.0,4914.0,28903568600,3231410,1082,4931.0,4892.0
2023-02-20,4881.0,5150.0,4881.0,5079.0,109085666710,11780197,1335,4914.0,5128.0
2023-02-21,5117.0,5331.0,5117.0,5287.0,192815438690,20001539,1823,5079.0,5227.0
2023-02-22,5161.0,5326.0,5024.0,5172.0,105307818430,11172000,1268,5287.0,5260.0
2023-02-25,5342.0,5430.0,5293.0,5424.0,106436688420,10762468,1367,5172.0,5430.0
2023-02-26,5551.0,5693.0,5468.0,5611.0,194846525170,19044345,1980,5424.0,5518.0
2023-02-27,5523.0,5638.0,5435.0,5567.0,86183043350,8493986,1708,5611.0,5616.0
2023-02-28,5485.0,5753.0,5485.0,5605.0,108781547170,10645180,1481,5567.0,5572.0
2023-03-01,5540.0,5721.0,5512.0,5633.0,147823982830,14398114,1498,5605.0,5594.0
2023-03-04,5644.0,5775.0,5534.0,5688.0,64423663960,6215186,1402,5633.0,5655.0
2023-03-05,5622.0,5803.0,5622.0,5710.0,85578072380,8218735,1210,5688.0,5721.0
2023-03-06,5682.0,5995.0,5682.0,5945.0,278303864100,25678876,2535,5710.0,5995.0
2023-03-07,6088.0,6236.0,5989.0,6104.0,142738429740,12823849,1923,5945.0,6126.0
2023-03-11,6165.0,6401.0,6061.0,6302.0,209101810750,18201740,2231,6104.0,6346.0
2023-03-12,6203.0,6307.0,6110.0,6192.0,123080775530,10905042,2536,6302.0,6170.0
2023-03-13,6050.0,6198.0,5940.0,6022.0,62126962730,5655916,2569,6192.0,5967.0
2023-03-14,5847.0,6143.0,5841.0,6039.0,143223055010,13007865,4773,6022.0,6083.0
2023-03-15,6083.0,6291.0,6061.0,6176.0,44441078860,3928572,1165,6039.0,6291.0
2023-03-18,6225.0,6483.0,6225.0,6406.0,77450309490,6632501,1297,6176.0,6428.0
2023-03-19,6417.0,6554.0,6225.0,6428.0,109214388350,9314793,1413,6406.0,6499.0
2023-03-25,6280.0,6730.0,6258.0,6604.0,122066246550,10140491,1585,6428.0,6609.0
2023-03-26,6582.0,6801.0,6549.0,6691.0,143850263650,11794901,1852,6604.0,6691.0
2023-03-27,6741.0,6867.0,6582.0,6774.0,95741331890,7751322,1772,6691.0,6845.0
2023-03-28,6905.0,7026.0,6845.0,6905.0,133599492390,10615539,1829,6774.0,7015.0
2023-03-29,6883.0,7158.0,6883.0,7048.0,164949927460,12834629,1826,6905.0,7158.0
2023-04-03,7245.0,7399.0,6998.0,7355.0,269130109130,20065694,2590,7048.0,7399.0
2023-04-04,7459.0,7563.0,7108.0,7317.0,216437524370,16222379,2597,7355.0,7393.0
2023-04-05,7404.0,7679.0,7267.0,7624.0,308786147670,22214864,2667,7317.0,7624.0
2023-04-08,7679.0,7947.0,7679.0,7816.0,210692330430,14784632,2659,7624.0,7827.0
2023-04-09,7838.0,8068.0,7827.0,7942.0,234223762040,16175108,2232,7816.0,8062.0
2023-04-10,8271.0,8304.0,7882.0,8073.0,283171520570,19238176,2653,7942.0,8084.0
2023-04-11,7816.0,8474.0,7816.0,8381.0,490454779780,32088721,3151,8073.0,8474.0
2023-04-15,8797.0,8797.0,8611.0,8797.0,275036399610,17152147,1861,8381.0,8797.0
2023-04-16,9159.0,9231.0,8556.0,8946.0,220333078670,13505400,2630,8797.0,9028.0
2023-04-17,9143.0,9324.0,8896.0,9061.0,198074030410,11987572,2321,8946.0,9198.0
2023-04-18,9362.0,9362.0,8737.0,8962.0,303423898910,18573257,4310,9061.0,8973.0
2023-04-19,9011.0,9011.0,8666.0,8797.0,231525596450,14431977,3391,8962.0,8885.0
2023-04-24,8693.0,8880.0,8540.0,8682.0,121490684550,7676461,2314,8797.0,8721.0
2023-04-25,8633.0,9116.0,8633.0,9083.0,621147414340,37512819,2905,8682.0,9116.0
2023-04-26,9231.0,9532.0,9083.0,9483.0,431437902460,24946129,2416,9083.0,9532.0
2023-04-29,9938.0,9938.0,9489.0,9675.0,142790624140,8095097,2282,9483.0,9527.0
2023-04-30,9653.0,10158.0,9489.0,10097.0,399987667120,21721602,2779,9675.0,10158.0
2023-05-01,10585.0,10596.0,10103.0,10212.0,168048727680,9024519,2405,10097.0,10212.0
2023-05-02,10256.0,10311.0,9982.0,10158.0,224940074540,12143833,2955,10212.0,10262.0
2023-05-03,10174.0,10311.0,9905.0,10064.0,176458690650,9616304,2210,10158.0,9927.0
2023-05-06,10256.0,10256.0,9565.0,9648.0,788418804810,44826609,5926,10064.0,9565.0
2023-05-07,9598.0,9598.0,9170.0,9236.0,105608086350,6271264,943,9648.0,9170.0
2023-05-08,8776.0,8830.0,8776.0,8776.0,176137922000,11008451,836,9236.0,8776.0
2023-05-09,8337.0,8682.0,8337.0,8381.0,742053062100,48554951,6063,8776.0,8660.0
2023-05-10,8638.0,8721.0,7964.0,8134.0,252518034330,17024325,2673,8381.0,7986.0
2023-05-13,7777.0,8227.0,7728.0,7761.0,156288979400,11042854,1997,8134.0,7925.0
2023-05-14,8046.0,8145.0,8046.0,8139.0,88689076920,5974854,942,7761.0,8145.0
2023-05-15,8545.0,8545.0,8545.0,8545.0,76865285460,4933587,731,8139.0,8545.0
2023-05-17,8967.0,8967.0,8967.0,8967.0,78783227100,4818546,673,8545.0,8967.0
2023-05-20,9412.0,9412.0,9181.0,9379.0,923898768050,54022568,5039,8967.0,9379.0
2023-05-21,9379.0,9576.0,9083.0,9412.0,218300381930,12718846,2093,9379.0,9489.0
2023-05-22,9521.0,9554.0,9351.0,9428.0,184644499380,10741873,1809,9412.0,9489.0
2023-05-23,9516.0,9894.0,9499.0,9856.0,329856466630,18358383,2626,9428.0,9894.0
2023-05-24,10311.0,10311.0,9823.0,9933.0,188204920820,10393688,1752,9856.0,9883.0
2023-05-27,9927.0,9971.0,9554.0,9730.0,163446910350,9213874,1888,9933.0,9609.0
2023-05-28,9351.0,9489.0,9247.0,9258.0,195524654640,11581633,1732,9730.0,9379.0
2023-05-29,9373.0,9516.0,9061.0,9357.0,70025684600,4096568,1157,9258.0,9329.0
2023-05-30,9499.0,9499.0,9165.0,9297.0,75260473090,4442654,1472,9357.0,9214.0
2023-05-31,9297.0,9297.0,8896.0,9148.0,49949130630,3023147,1300,9297.0,9050.0
2023-06-03,9434.0,9434.0,8885.0,9275.0,48385562610,2834511,1020,9148.0,9362.0
2023-06-06,9110.0,9478.0,9110.0,9269.0,49889813950,2951765,1155,9275.0,9231.0
2023-06-07,9044.0,9373.0,8989.0,9187.0,54965648060,3295274,1225,9269.0,9203.0
2023-06-10,8743.0,8830.0,8732.0,8732.0,189881651900,11924750,1333,9187.0,8732.0
2023-06-11,8408.0,8885.0,8408.0,8715.0,73488583740,4625581,2113,8732.0,8666.0
2023-06-12,8501.0,8803.0,8282.0,8353.0,97297311110,6386577,1274,8715.0,8375.0
2023-06-13,8287.0,8611.0,8287.0,8414.0,36591909280,2369517,706,8353.0,8551.0
2023-06-14,8556.0,8830.0,8446.0,8792.0,156013397610,9730018,1180,8414.0,8830.0
2023-06-17,8929.0,9017.0,8776.0,8852.0,41571968100,2559014,944,8792.0,8786.0
2023-06-18,8781.0,8830.0,8414.0,8655.0,46361224120,2979178,984,8852.0,8545.0
2023-06-19,8457.0,8830.0,8392.0,8688.0,41290506660,2598916,890,8655.0,8408.0
2023-06-20,8392.0,8688.0,8364.0,8600.0,49719394860,3187358,741,8688.0,8627.0
2023-06-21,8452.0,8830.0,8452.0,8573.0,71165477440,4554489,1100,8600.0,8556.0
2023-06-24,8622.0,8704.0,8364.0,8562.0,31863461320,2045822,963,8573.0,8512.0
2023-06-25,8452.0,8715.0,8430.0,8562.0,47583887310,3049568,1005,8562.0,8501.0
2023-06-26,8419.0,8989.0,8419.0,8962.0,121957889940,7463668,906,8562.0,8989.0
2023-06-27,9132.0,9390.0,8847.0,9138.0,135984552890,8162287,1741,8962.0,9099.0
2023-06-28,9209.0,9593.0,9006.0,9456.0,148832731220,8633538,1937,9138.0,9318.0
2023-07-01,9510.0,9598.0,9143.0,9346.0,104049141030,6107031,1367,9456.0,9247.0
2023-07-02,9247.0,9324.0,9028.0,9154.0,116279348450,6966894,1624,9346.0,9148.0
2023-07-03,9055.0,9379.0,9050.0,9192.0,82727729070,4935822,1090,9154.0,9170.0
2023-07-04,9121.0,9521.0,9110.0,9280.0,99641237370,5890618,1334,9192.0,9127.0
2023-07-05,9242.0,9489.0,9170.0,9280.0,81120948420,4794199,927,9280.0,9275.0
2023-07-08,9269.0,9576.0,9159.0,9329.0,67982801080,3992621,1206,9280.0,9324.0
2023-07-09,9478.0,9478.0,8995.0,9214.0,54235524880,3249058,870,9329.0,9077.0
2023-07-10,8896.0,9116.0,8808.0,8967.0,78806709450,4821243,1427,9214.0,8929.0
2023-07-11,8786.0,9083.0,8523.0,8611.0,134233757090,8550736,1284,8967.0,8523.0
2023-07-12,8331.0,8611.0,8183.0,8282.0,109731347460,7265343,1313,8611.0,8452.0
2023-07-15,8457.0,8584.0,8233.0,8359.0,49617915840,3241201,773,8282.0,8463.0
2023-07-16,8216.0,8605.0,8216.0,8397.0,122504990410,8001522,1170,8359.0,8479.0
2023-07-17,8386.0,8512.0,7980.0,8287.0,153919318700,10186354,1363,8397.0,8386.0
2023-07-18,8430.0,8693.0,8430.0,8600.0,90472184590,5768257,1127,8287.0,8677.0
2023-08-09,9030.0,9030.0,8480.0,8600.0,31591158260,3671435,773,8600.0,8600.0
2023-08-12,8500.0,8500.0,8170.0,8180.0,79455987610,9710476,857,8600.0,8170.0
2023-08-13,7840.0,8280.0,7840.0,8170.0,17620583580,2167875,588,8180.0,8200.0
2023-08-14,8250.0,8400.0,8170.0,8200.0,16926038350,2041107,444,8170.0,8220.0
2023-08-15,7880.0,8150.0,7800.0,8160.0,11596645100,1451221,385,8200.0,8080.0
2023-08-16,8340.0,8340.0,7960.0,8120.0,17238146040,2148030,584,8160.0,8020.0
2023-08-19,8220.0,8220.0,7790.0,8080.0,13844952200,1742961,537,8120.0,7790.0
2023-08-20,8050.0,8070.0,7980.0,8050.0,24025134370,2999224,570,8080.0,8000.0
2023-08-21,8000.0,8140.0,8000.0,8050.0,14753853010,1831262,446,8050.0,8040.0
2023-08-22,7950.0,8190.0,7870.0,8040.0,4818796610,607509,362,8050.0,7970.0
2023-08-23,8200.0,8210.0,8010.0,8060.0,13403943250,1642342,403,8040.0,8200.0
2023-08-26,8110.0,8460.0,8110.0,8400.0,61039554860,7234378,689,8060.0,8460.0
2023-08-27,8580.0,8810.0,8520.0,8510.0,31791713400,3675245,613,8400.0,8630.0
2023-08-28,8760.0,8760.0,8500.0,8550.0,30032933080,3487926,701,8510.0,8550.0
2023-08-29,8520.0,8700.0,8350.0,8530.0,18314713280,2161540,689,8550.0,8450.0
2023-08-30,8400.0,8490.0,8320.0,8500.0,15445070570,1836297,756,8530.0,8440.0
2023-09-02,8360.0,8360.0,8130.0,8490.0,1753615410,213693,31,8500.0,8300.0
2023-09-04,8500.0,8700.0,8340.0,8480.0,47805594780,5640010,932,8490.0,8510.0
2023-09-05,8350.0,8690.0,8270.0,8440.0,35610231410,4240496,984,8480.0,8330.0
2023-09-09,8340.0,8550.0,8200.0,8420.0,18802278950,2248887,627,8440.0,8310.0
2023-09-10,8310.0,8550.0,8300.0,8420.0,23626167150,2808938,596,8420.0,8330.0
2023-09-11,8320.0,8400.0,8240.0,8370.0,23905328150,2883093,573,8420.0,8250.0
2023-09-12,8230.0,8780.0,8230.0,8460.0,34654688340,4058413,734,8370.0,8490.0
2023-09-13,8360.0,8700.0,8360.0,8460.0,11968066640,1413088,414,8460.0,8430.0
2023-09-17,8430.0,8690.0,8410.0,8470.0,11582385000,1359631,481,8460.0,8520.0
2023-09-18,8620.0,8630.0,8380.0,8470.0,13401402660,1578408,454,8470.0,8560.0
2023-09-19,8470.0,8590.0,8440.0,8470.0,17032212650,2009019,364,8470.0,8440.0
2023-09-20,8420.0,8420.0,8100.0,8280.0,58387658480,7070132,1006,8470.0,8180.0
2023-09-23,8150.0,8270.0,8100.0,8220.0,34201618420,4189527,787,8280.0,8180.0
2023-09-25,8240.0,8300.0,7960.0,8070.0,51069836590,6357957,1026,8220.0,8000.0
2023-09-26,7950.0,8120.0,7950.0,8040.0,26637306870,3327022,646,8070.0,8000.0
2023-09-27,8010.0,8010.0,7840.0,8010.0,22366706010,2815504,740,8040.0,7940.0
2023-09-30,8050.0,8050.0,7780.0,7940.0,34350148330,4360138,976,8010.0,7810.0
2023-10-01,7830.0,8000.0,7800.0,7930.0,21069205710,2666574,608,7940.0,7950.0
2023-10-02,7900.0,8050.0,7860.0,7930.0,15780641890,1989428,576,7930.0,7900.0
2023-10-04,7890.0,8070.0,7830.0,7950.0,33304096290,4175568,549,7930.0,8030.0
2023-10-07,7910.0,8140.0,7820.0,7940.0,24917301370,3146887,727,7950.0,7860.0
2023-10-08,7810.0,7810.0,7550.0,7750.0,36352504360,4768243,920,7940.0,7660.0
2023-10-09,7560.0,7900.0,7510.0,7710.0,18574492590,2434482,603,7750.0,7700.0
2023-10-10,7650.0,7750.0,7590.0,7690.0,18512488750,2418508,511,7710.0,7670.0
2023-10-11,7800.0,7820.0,7600.0,7690.0,14615934890,1905625,481,7690.0,7650.0
2023-10-14,7600.0,7750.0,7450.0,7610.0,23382584010,3120028,453,7690.0,7480.0
2023-10-15,7230.0,7470.0,7230.0,7350.0,45031849700,6191053,1028,7610.0,7280.0
2023-10-16,7110.0,7480.0,7110.0,7360.0,16368862440,2212555,486,7350.0,7480.0
2023-10-17,7340.0,7560.0,7330.0,7380.0,13657371970,1837907,415,7360.0,7420.0
2023-10-18,7390.0,7590.0,7120.0,7350.0,36433139340,4967204,586,7380.0,7330.0
2023-10-21,7350.0,7530.0,7350.0,7360.0,7045590680,951361,323,7350.0,7400.0
2023-10-22,7560.0,7560.0,7300.0,7360.0,24828673440,3369194,543,7360.0,7420.0
2023-10-23,7350.0,7350.0,7160.0,7260.0,37544412120,5208942,529,7360.0,7200.0
2023-10-24,7130.0,7200.0,7020.0,7170.0,28590519740,4040552,479,7260.0,7060.0
2023-10-25,7040.0,7160.0,7040.0,7140.0,22926360790,3228460,374,7170.0,7110.0
2023-10-28,7050.0,7050.0,6790.0,6830.0,106916540390,15659650,768,7140.0,6790.0
2023-10-29,6700.0,7000.0,6560.0,6830.0,7430250190,1089945,359,6830.0,6810.0
